{
	"class_name" : "PinholeCameraParameters",
	"extrinsic" : 
	[
		0.85350578240556885,
		0.016400553921784713,
		-0.52082521178540953,
		0.0,
		-0.48846082363531057,
		-0.32291468826901337,
		-0.81063686560237325,
		0.0,
		-0.18147700453162666,
		0.94628596414148747,
		-0.2675985255845843,
		0.0,
		0.024325547484707645,
		-0.013795518849137923,
		0.059039182592751406,
		1.0
	],
	"intrinsic" : 
	{
		"height" : 1061,
		"intrinsic_matrix" : 
		[
			918.85295341528945,
			0.0,
			0.0,
			0.0,
			918.85295341528945,
			0.0,
			959.5,
			530.0,
			1.0
		],
		"width" : 1920
	},
	"version_major" : 1,
	"version_minor" : 0
}